Cycle start time,Cycle end time,Cycle timezone,Recovery score %,Resting heart rate (bpm),Heart rate variability (ms),Skin temp (celsius),Blood oxygen %,Day Strain,Energy burned (cal),Max HR (bpm),Average HR (bpm),Sleep onset,Wake onset,Sleep performance %,Respiratory rate (rpm),Asleep duration (min),In bed duration (min),Light sleep duration (min),Deep (SWS) duration (min),REM duration (min),Awake duration (min),Sleep need (min),Sleep debt (min),Sleep efficiency %,Sleep consistency %
2026-05-17 23:16:47,,UTC+01:00,62,64,55,34.90,97.82,,,,,2026-05-17 23:16:47,2026-05-18 07:11:56,81,13.7,439,475,270,63,106,36,481,0,92,68
2026-05-16 21:21:14,2026-05-17 23:16:47,UTC+01:00,65,63,56,34.55,97.63,14.5,2761,164,78,2026-05-16 21:21:14,2026-05-17 08:13:04,79,13.7,597,651,399,71,127,54,478,14,91,49
2026-05-16 00:11:42,2026-05-16 21:21:14,UTC+01:00,78,59,59,34.97,97.84,6.1,1824,123,70,2026-05-16 00:11:42,2026-05-16 10:02:46,84,13.7,539,591,275,100,164,52,561,98,91,66
2026-05-15 00:52:05,2026-05-16 00:11:42,UTC+01:00,63,60,54,34.95,97.67,5.8,2003,125,74,2026-05-15 00:52:05,2026-05-15 08:08:01,83,14.1,398,435,182,117,99,37,551,83,91,82
2026-05-14 00:16:56,2026-05-15 00:52:05,UTC+01:00,66,60,53,34.88,97.00,8.5,2309,137,77,2026-05-14 00:16:56,2026-05-14 07:30:07,83,13.6,417,433,175,103,139,16,547,84,96,77
2026-05-13 01:39:24,2026-05-14 00:16:56,UTC+01:00,71,60,56,35.14,98.10,5.9,1976,130,73,2026-05-13 01:39:24,2026-05-13 08:10:50,80,14.0,372,391,156,83,133,19,503,95,95,68
2026-05-12 00:35:31,2026-05-13 01:39:24,UTC+01:00,72,60,58,35.00,96.08,9.2,2352,143,77,2026-05-12 00:35:31,2026-05-12 07:23:58,82,14.1,382,408,186,101,95,26,530,66,94,77
2026-05-10 23:41:31,2026-05-12 00:35:31,UTC+01:00,35,66,49,35.47,96.59,6.7,2069,128,77,2026-05-10 23:41:31,2026-05-11 07:58:49,81,14.7,466,497,246,94,126,31,569,103,93,73
2026-05-10 02:11:29,2026-05-10 23:41:31,UTC+01:00,43,62,47,35.71,94.77,7.5,1954,130,76,2026-05-10 02:11:29,2026-05-10 08:44:56,79,13.1,380,393,156,84,140,13,541,69,97,68
2026-05-09 00:56:57,2026-05-10 02:11:29,UTC+01:00,31,67,44,35.50,96.88,10.0,2401,130,80,2026-05-09 00:56:57,2026-05-09 08:24:05,79,13.6,415,447,271,88,56,32,524,39,93,75
2026-05-08 00:07:14,2026-05-09 00:56:57,UTC+01:00,1,76,34,36.78,95.82,13.2,2760,139,87,2026-05-08 00:07:14,2026-05-08 08:28:45,38,14.8,387,501,270,51,66,114,466,80,77,65
2026-05-06 23:37:11,2026-05-08 00:07:14,UTC+01:00,1,74,39,35.83,98.00,9.4,2283,144,76,2026-05-07 15:30:43,2026-05-07 17:12:19,10,13.7,83,101,55,28,0,18,548,80,83,
2026-05-06 01:12:22,2026-05-06 23:37:11,UTC+01:00,83,56,65,34.88,97.15,6.0,1955,134,71,2026-05-06 01:12:22,2026-05-06 08:44:53,82,13.6,396,452,199,113,84,56,510,48,87,79
2026-05-05 00:12:10,2026-05-06 01:12:22,UTC+01:00,62,58,58,34.86,97.31,4.2,1895,119,70,2026-05-05 00:12:10,2026-05-05 08:05:12,82,12.9,439,473,285,74,80,34,514,27,92,73
2026-05-03 23:55:37,2026-05-05 00:12:10,UTC+01:00,76,56,61,34.81,96.61,13.5,2708,170,70,2026-05-03 23:55:37,2026-05-04 09:46:17,83,13.1,538,590,295,78,165,52,581,116,91,67
2026-05-03 02:52:05,2026-05-03 23:55:37,UTC+01:00,75,57,65,35.01,96.79,7.2,1915,128,71,2026-05-03 02:52:05,2026-05-03 08:48:59,70,13.1,339,356,175,70,94,17,572,74,95,63
2026-05-02 01:01:32,2026-05-03 02:52:05,UTC+01:00,66,59,58,34.54,97.53,15.2,3060,175,76,2026-05-02 01:01:32,2026-05-02 09:25:05,80,13.4,484,503,266,100,118,19,600,122,96,65
2026-05-01 00:21:19,2026-05-02 01:01:32,UTC+01:00,64,59,60,35.07,96.97,11.8,2585,157,77,2026-05-01 00:21:19,2026-05-01 07:29:18,81,13.1,405,427,149,120,136,22,595,112,94,80
2026-04-30 00:27:35,2026-05-01 00:21:19,UTC+01:00,62,59,59,35.20,97.53,12.8,2576,163,78,2026-04-30 00:27:35,2026-04-30 06:59:36,80,12.9,378,392,169,118,91,14,554,89,97,75
2026-04-29 01:47:19,2026-04-30 00:27:35,UTC+01:00,38,58,50,35.29,96.18,6.9,1991,130,76,2026-04-29 01:47:19,2026-04-29 07:14:34,75,12.9,314,327,150,90,74,13,492,114,96,68
2026-04-28 01:31:17,2026-04-29 01:47:19,UTC+01:00,7,61,58,35.45,100.00,4.9,2066,116,70,2026-04-28 17:31:19,2026-04-28 19:00:23,25,13.5,84,89,31,30,23,5,576,114,96,
2026-04-27 00:26:24,2026-04-28 01:31:17,UTC+01:00,52,59,58,35.05,98.56,6.2,2187,132,71,2026-04-27 00:26:24,2026-04-27 08:00:18,83,12.7,431,453,224,105,102,22,567,71,95,80
2026-04-26 01:18:52,2026-04-27 00:26:24,UTC+01:00,91,55,70,35.09,97.93,15.0,2950,172,75,2026-04-26 01:18:52,2026-04-26 08:45:03,82,12.8,431,446,222,92,117,15,543,79,96,72
2026-04-25 01:03:19,2026-04-26 01:18:52,UTC+01:00,80,57,66,34.91,97.91,6.3,2127,145,69,2026-04-25 01:03:19,2026-04-25 08:24:12,81,12.7,423,440,212,84,127,17,545,69,96,69
2026-04-23 22:50:47,2026-04-25 01:03:19,UTC+01:00,78,58,66,34.56,98.38,11.5,2654,142,75,2026-04-23 22:50:47,2026-04-24 06:59:48,82,13.4,482,489,301,81,100,7,589,119,98,75
2026-04-23 00:23:15,2026-04-23 22:50:47,UTC+01:00,45,57,56,34.62,98.20,9.4,2182,130,74,2026-04-23 00:23:15,2026-04-23 06:32:04,77,12.9,352,368,194,104,54,16,592,114,95,88
2026-04-22 00:47:13,2026-04-23 00:23:15,UTC+01:00,63,54,64,34.70,96.23,11.6,2405,131,76,2026-04-22 00:47:13,2026-04-22 06:45:41,76,12.9,349,358,183,80,86,9,579,116,97,84
2026-04-21 00:49:04,2026-04-22 00:47:13,UTC+01:00,61,55,64,34.60,97.00,4.3,2024,126,68,2026-04-21 00:49:04,2026-04-21 07:36:48,81,13.0,386,407,204,104,78,21,568,78,94,79
2026-04-20 00:02:45,2026-04-21 00:49:04,UTC+01:00,74,55,66,34.90,96.50,13.9,2802,163,73,2026-04-20 00:02:45,2026-04-20 06:30:40,83,13.4,377,387,213,71,93,10,500,37,97,79
2026-04-18 22:54:12,2026-04-20 00:02:45,UTC+01:00,83,56,68,35.07,96.97,5.9,2181,128,66,2026-04-18 22:54:12,2026-04-19 07:28:44,87,13.3,495,514,281,104,110,19,553,90,96,79
2026-04-17 23:30:39,2026-04-18 22:54:12,UTC+01:00,69,54,63,35.15,95.38,5.3,2018,129,67,2026-04-17 23:30:39,2026-04-18 07:41:53,83,13.4,465,491,239,96,130,26,605,105,95,77
2026-04-17 00:04:01,2026-04-17 23:30:39,UTC+01:00,78,57,68,34.48,98.69,15.6,2880,171,77,2026-04-17 00:04:01,2026-04-17 07:13:52,76,13.7,379,429,194,92,93,50,590,127,88,81
2026-04-16 01:28:47,2026-04-17 00:04:01,UTC+01:00,83,54,68,34.94,95.94,5.5,1978,142,69,2026-04-16 01:28:47,2026-04-16 08:14:48,81,13.4,381,406,187,102,92,25,593,127,93,92
2026-04-15 01:08:47,2026-04-16 01:28:47,UTC+01:00,74,56,65,34.78,98.18,7.4,2218,143,71,2026-04-15 01:08:47,2026-04-15 08:00:18,82,13.2,391,411,226,87,78,20,590,127,95,87
2026-04-14 01:38:28,2026-04-15 01:08:47,UTC+01:00,77,54,67,35.06,96.83,4.8,1998,138,67,2026-04-14 01:38:28,2026-04-14 08:00:58,76,12.6,360,382,188,96,76,22,593,127,94,83
2026-04-13 01:35:04,2026-04-14 01:38:28,UTC+01:00,44,59,54,35.35,97.71,7.2,2145,132,75,2026-04-13 01:35:04,2026-04-13 08:13:37,76,13.0,389,398,217,97,75,9,622,108,97,75
2026-04-12 01:04:31,2026-04-13 01:35:04,UTC+01:00,69,53,65,35.12,95.73,17.5,3581,174,81,2026-04-12 01:04:31,2026-04-12 07:38:41,73,12.8,371,394,183,87,101,23,588,127,94,62
2026-04-11 04:00:29,2026-04-12 01:04:31,UTC+01:00,61,55,67,35.07,96.78,2.6,1777,110,62,2026-04-11 04:00:29,2026-04-11 08:59:56,58,12.7,283,299,130,95,58,16,557,91,94,53
2026-04-10 02:39:27,2026-04-11 04:00:29,UTC+01:00,72,55,63,34.40,95.96,7.2,2254,125,72,2026-04-10 02:39:27,2026-04-10 09:00:05,73,13.1,366,380,158,110,98,14,549,75,96,49
2026-04-09 00:45:21,2026-04-10 03:39:27,UTC+02:00,91,54,70,34.58,96.03,10.8,2654,146,73,2026-04-09 00:45:21,2026-04-09 07:00:19,80,13.0,350,374,168,96,86,24,467,5,93,70
2026-04-07 23:51:19,2026-04-09 00:45:21,UTC+02:00,89,55,65,34.38,95.47,4.8,2113,128,65,2026-04-07 23:51:19,2026-04-08 10:32:21,82,13.0,566,641,328,126,112,75,574,104,88,58
2026-04-07 01:18:16,2026-04-07 23:51:19,UTC+02:00,78,58,65,34.90,96.77,9.5,2216,146,71,2026-04-07 01:18:16,2026-04-07 07:07:17,73,13.5,334,349,189,78,67,15,543,80,96,66
2026-04-06 01:48:14,2026-04-07 01:18:16,UTC+02:00,66,56,59,35.07,95.14,5.5,2056,136,65,2026-04-06 01:48:14,2026-04-06 08:14:51,79,13.0,345,386,212,68,65,41,506,37,89,72
2026-04-05 00:27:11,2026-04-06 00:48:14,UTC+01:00,45,62,51,34.00,97.88,9.1,2281,149,74,2026-04-05 00:27:11,2026-04-05 09:18:55,81,13.2,501,531,325,63,113,30,560,64,94,74
2026-04-04 01:41:39,2026-04-05 00:27:11,UTC+01:00,62,58,59,34.51,96.50,15.0,2976,158,78,2026-04-04 01:41:39,2026-04-04 09:55:36,75,13.2,414,493,194,109,111,79,543,81,84,66
2026-04-03 00:43:58,2026-04-04 01:41:39,UTC+01:00,76,55,63,34.86,98.60,4.9,1991,127,69,2026-04-03 00:43:58,2026-04-03 08:16:07,85,12.9,435,452,238,98,99,17,561,98,96,84
2026-04-02 02:35:36,2026-04-03 00:43:58,UTC+01:00,88,55,66,34.85,96.18,5.2,1900,119,68,2026-04-02 02:35:36,2026-04-02 08:24:37,79,13.1,337,349,199,52,86,12,490,26,96,71
2026-04-01 00:03:27,2026-04-02 02:35:36,UTC+01:00,92,57,65,34.75,97.71,5.6,2225,128,73,2026-04-01 00:03:27,2026-04-01 08:20:59,87,13.2,470,497,295,72,103,27,512,48,95,78
2026-03-30 23:17:36,2026-04-01 00:03:27,UTC+01:00,49,64,53,34.99,96.74,6.1,2112,122,74,2026-03-30 23:17:36,2026-03-31 08:15:26,74,13.3,494,537,279,110,105,43,591,112,91,63
2026-03-30 01:08:05,2026-03-30 23:17:36,UTC+01:00,65,57,57,34.48,98.14,12.0,2299,140,79,2026-03-30 01:08:05,2026-03-30 08:07:28,80,12.9,401,419,214,96,91,18,576,112,95,74
2026-03-29 02:17:32,2026-03-30 01:08:05,UTC+01:00,77,57,61,35.19,99.07,6.5,2014,133,71,2026-03-29 02:17:32,2026-03-29 09:05:10,81,12.9,392,407,230,99,63,15,567,105,96,78
2026-03-28 02:01:30,2026-03-29 01:17:32,UTCZ,81,56,62,34.45,96.50,4.8,1995,123,67,2026-03-28 02:01:30,2026-03-28 08:37:18,78,12.7,373,395,202,108,63,22,537,74,94,63
2026-03-26 23:05:57,2026-03-28 02:01:30,UTCZ,57,60,54,35.03,98.42,4.8,2273,119,69,2026-03-26 23:05:57,2026-03-27 07:47:57,82,13.0,494,521,263,103,128,27,611,127,94,72
2026-03-26 01:02:37,2026-03-26 23:05:57,UTCZ,50,63,57,34.99,96.42,12.9,2473,172,77,2026-03-26 01:02:37,2026-03-26 06:53:38,72,13.0,338,351,189,73,76,13,605,117,96,87
2026-03-25 00:07:46,2026-03-26 01:02:37,UTCZ,47,61,55,34.84,96.09,13.7,2809,169,76,2026-03-25 00:07:46,2026-03-25 06:43:01,75,12.9,361,395,189,93,79,34,596,127,94,78
2026-03-24 00:30:14,2026-03-25 00:07:46,UTCZ,36,61,48,34.95,99.06,8.9,2205,136,77,2026-03-24 00:30:14,2026-03-24 07:39:13,80,13.0,410,428,193,103,114,18,624,126,96,82
2026-03-23 01:12:41,2026-03-24 00:30:14,UTCZ,63,55,61,34.88,97.80,15.3,2987,177,80,2026-03-23 01:12:41,2026-03-23 06:50:54,70,12.6,314,338,189,82,43,24,566,104,93,80
2026-03-22 00:53:09,2026-03-23 01:12:41,UTCZ,54,60,57,34.76,98.03,4.0,2041,107,68,2026-03-22 00:53:09,2026-03-22 08:23:06,83,12.9,431,449,209,93,129,18,594,127,96,82
2026-03-21 02:34:06,2026-03-22 00:53:09,UTCZ,63,54,62,35.22,97.36,8.1,2092,137,71,2026-03-21 02:34:06,2026-03-21 07:58:37,66,12.8,317,324,150,76,91,7,592,127,98,71
2026-03-20 00:43:14,2026-03-21 02:34:06,UTCZ,72,58,62,35.02,96.46,6.9,2244,133,71,2026-03-20 00:43:14,2026-03-20 07:58:46,79,13.0,391,435,232,91,68,44,623,123,89,86
2026-03-19 00:47:48,2026-03-20 00:43:14,UTCZ,59,56,60,34.59,98.00,15.5,3040,173,77,2026-03-19 00:47:48,2026-03-19 06:42:50,74,12.7,341,355,159,101,81,14,588,121,97,85
2026-03-18 00:37:23,2026-03-19 00:47:48,UTCZ,68,54,61,34.73,96.78,8.1,2251,137,72,2026-03-18 00:37:23,2026-03-18 07:20:24,81,12.7,371,403,211,72,88,32,560,98,92,84
2026-03-17 00:13:23,2026-03-18 00:37:23,UTCZ,64,57,58,34.55,96.18,4.8,1925,121,71,2026-03-17 00:13:23,2026-03-17 07:56:53,82,12.9,441,463,250,80,111,22,594,106,95,78
2026-03-16 00:28:04,2026-03-17 00:13:23,UTCZ,87,55,67,34.40,96.97,13.8,2697,166,79,2026-03-16 00:28:04,2026-03-16 06:35:49,78,13.2,348,367,158,101,89,19,513,47,94,68
2026-03-14 23:01:31,2026-03-16 00:28:04,UTCZ,65,60,60,34.58,98.93,7.7,2326,135,69,2026-03-14 23:01:31,2026-03-15 08:09:50,81,13.7,516,548,297,80,139,32,590,127,94,64
2026-03-14 03:07:29,2026-03-14 23:01:31,UTCZ,55,55,64,35.04,96.93,4.9,1699,117,67,2026-03-14 03:07:29,2026-03-14 08:16:32,58,13.4,296,309,115,110,71,13,591,127,96,61
2026-03-13 01:11:35,2026-03-14 03:07:29,UTCZ,84,57,68,34.73,97.00,6.2,2170,129,72,2026-03-13 01:11:35,2026-03-13 07:43:37,81,13.1,380,392,175,107,98,12,592,126,96,89
2026-03-12 00:18:27,2026-03-13 01:11:35,UTCZ,41,59,50,34.62,97.80,7.2,1987,118,74,2026-03-12 00:18:27,2026-03-12 07:27:01,82,13.4,419,428,225,111,83,9,616,121,97,84
2026-03-11 00:45:41,2026-03-12 00:18:27,UTCZ,50,58,57,34.54,97.08,14.8,2874,166,78,2026-03-11 00:45:41,2026-03-11 07:39:15,76,13.2,377,413,206,77,94,36,619,118,91,83
2026-03-10 01:04:32,2026-03-11 00:45:41,UTCZ,61,55,59,34.74,96.73,15.8,3042,178,77,2026-03-10 01:04:32,2026-03-10 08:34:46,83,13.1,406,450,212,90,104,44,590,123,90,84
2026-03-09 01:00:30,2026-03-10 01:04:32,UTCZ,75,55,63,34.75,98.00,7.9,2228,137,70,2026-03-09 01:00:30,2026-03-09 07:50:58,82,13.0,400,410,188,102,110,10,592,127,97,82
2026-03-08 01:36:52,2026-03-09 01:00:30,UTCZ,91,51,71,34.96,97.75,7.0,2116,133,67,2026-03-08 01:36:52,2026-03-08 08:14:49,79,12.9,385,397,156,119,110,12,589,127,96,80
2026-03-07 02:50:20,2026-03-08 01:36:52,UTCZ,75,53,68,34.73,98.45,4.1,1934,112,62,2026-03-07 02:50:20,2026-03-07 09:15:56,61,12.9,326,385,173,87,66,59,591,127,84,60
2026-03-06 00:47:33,2026-03-07 02:50:20,UTCZ,76,55,62,34.50,97.92,5.6,2247,132,70,2026-03-06 00:47:33,2026-03-06 07:57:38,82,13.0,405,430,189,84,132,25,610,107,94,89
2026-03-05 00:31:19,2026-03-06 00:47:33,UTCZ,48,55,55,34.65,97.94,16.0,3153,175,79,2026-03-05 00:31:19,2026-03-05 07:51:25,84,13.0,403,440,218,82,103,37,570,107,91,84
2026-03-04 00:21:27,2026-03-05 00:31:19,UTCZ,60,58,59,34.41,97.29,5.1,1827,140,68,2026-03-04 00:21:27,2026-03-04 07:59:27,81,13.0,440,458,263,100,77,18,607,99,96,75
2026-03-03 00:21:42,2026-03-04 00:21:27,UTCZ,57,54,58,34.95,96.07,16.6,3243,177,79,2026-03-03 00:21:42,2026-03-03 06:57:10,75,12.6,379,395,195,109,75,16,578,115,96,61
2026-03-02 00:48:31,2026-03-03 00:21:42,UTCZ,62,56,60,34.51,97.57,5.1,2012,121,70,2026-03-02 00:48:31,2026-03-02 07:56:40,78,12.8,407,428,182,106,119,21,587,125,95,64
2026-03-01 03:31:59,2026-03-02 00:48:31,UTCZ,64,55,63,34.71,98.00,4.4,1803,120,66,2026-03-01 03:31:59,2026-03-01 10:01:18,56,13.3,308,389,172,58,78,81,558,96,79,62
2026-02-28 01:29:27,2026-03-01 03:31:59,UTCZ,64,56,59,34.81,97.03,4.6,2189,118,68,2026-02-28 01:29:27,2026-02-28 09:16:54,82,13.1,443,467,221,99,123,24,592,127,95,75
2026-02-27 02:31:34,2026-02-28 01:29:27,UTCZ,54,58,60,35.09,97.57,6.7,1847,146,72,2026-02-27 02:31:34,2026-02-27 07:59:34,67,13.1,315,328,164,66,85,13,584,97,96,78
2026-02-26 00:55:15,2026-02-27 02:31:34,UTCZ,70,57,61,34.86,96.40,13.4,2796,157,77,2026-02-26 00:55:15,2026-02-26 07:28:44,82,13.3,375,393,200,97,78,18,571,105,95,88
2026-02-25 01:24:45,2026-02-26 00:55:15,UTCZ,65,55,60,34.71,97.22,7.6,1775,138,76,2026-02-25 01:24:45,2026-02-25 07:59:47,76,12.9,343,395,181,79,83,52,554,69,86,86
2026-02-24 00:34:52,2026-02-25 01:24:45,UTCZ,49,57,53,34.44,98.58,13.1,2316,150,74,2026-02-24 00:34:52,2026-02-24 07:53:55,83,12.8,389,439,171,104,114,50,528,63,89,85
2026-02-23 01:21:41,2026-02-24 00:34:52,UTCZ,47,57,52,34.97,97.76,7.1,1874,140,75,2026-02-23 01:21:41,2026-02-23 07:43:17,82,13.0,374,381,175,77,122,7,500,8,98,77
2026-02-21 23:40:39,2026-02-23 01:21:41,UTCZ,72,55,59,34.54,97.43,14.4,3034,161,73,2026-02-21 23:40:39,2026-02-22 08:16:59,94,13.1,490,516,259,106,125,26,503,35,95,84
2026-02-21 00:06:36,2026-02-21 23:40:39,UTCZ,81,53,63,34.50,97.19,8.3,2233,142,70,2026-02-21 00:06:36,2026-02-21 07:25:33,90,12.9,430,438,197,84,149,8,486,22,98,85
2026-02-19 23:13:33,2026-02-21 00:06:36,UTCZ,92,56,68,34.95,96.19,6.4,2199,135,66,2026-02-19 23:13:33,2026-02-20 08:38:38,86,13.2,541,565,335,87,119,24,576,107,95,74
2026-02-19 00:35:16,2026-02-19 23:13:33,UTCZ,79,61,63,34.16,96.50,9.0,2127,141,75,2026-02-19 00:35:16,2026-02-19 07:44:47,85,13.1,413,429,220,89,104,16,579,108,96,89
2026-02-18 00:45:46,2026-02-19 00:35:16,UTCZ,65,60,58,34.52,97.69,9.9,2283,155,75,2026-02-18 00:45:46,2026-02-18 07:32:18,83,13.2,399,406,216,88,95,7,567,77,98,84
2026-02-16 23:57:39,2026-02-18 00:45:46,UTCZ,34,65,45,35.03,96.38,14.0,2909,161,81,2026-02-16 23:57:39,2026-02-17 08:21:11,69,13.2,427,503,206,73,148,76,582,87,84,76
2026-02-16 01:19:06,2026-02-16 23:57:39,UTCZ,56,54,59,34.05,97.36,14.7,2799,164,82,2026-02-16 01:19:06,2026-02-16 07:30:17,80,12.9,357,371,150,99,108,14,533,70,96,79
2026-02-15 01:44:34,2026-02-16 01:19:06,UTCZ,53,59,56,34.12,97.90,4.9,2022,133,67,2026-02-15 01:44:34,2026-02-15 08:12:31,80,13.2,364,387,162,93,109,23,506,24,94,70
2026-02-13 22:31:01,2026-02-15 01:44:34,UTCZ,60,58,58,35.07,97.29,12.5,2887,169,73,2026-02-13 22:31:01,2026-02-14 07:24:33,84,13.2,498,533,325,76,97,35,536,58,93,68
2026-02-13 00:49:30,2026-02-13 22:31:01,UTCZ,79,52,68,34.37,96.00,11.8,2362,151,73,2026-02-13 00:49:30,2026-02-13 08:49:36,85,12.4,425,480,196,101,128,55,516,52,88,82
2026-02-12 00:01:34,2026-02-13 00:49:30,UTCZ,75,54,66,34.82,95.20,6.5,2217,137,70,2026-02-12 00:01:34,2026-02-12 07:52:11,90,12.8,454,470,198,123,133,16,535,70,96,88
2026-02-11 00:21:41,2026-02-12 00:01:34,UTCZ,77,57,68,34.84,97.06,6.9,2135,134,71,2026-02-11 00:21:41,2026-02-11 08:02:14,86,13.5,426,460,223,100,103,34,536,71,92,86
2026-02-10 00:34:13,2026-02-11 00:21:41,UTCZ,19,68,40,34.67,96.23,6.5,2079,119,77,2026-02-10 00:34:13,2026-02-10 07:48:14,62,15.5,361,434,175,84,102,73,505,29,83,81
2026-02-09 00:41:02,2026-02-10 00:34:13,UTCZ,90,53,69,34.36,96.92,11.2,2372,148,75,2026-02-09 00:41:02,2026-02-09 08:04:59,84,13.0,408,443,196,81,131,35,467,0,92,73
2026-02-08 00:27:33,2026-02-09 00:41:02,UTCZ,95,55,71,33.97,96.07,8.5,2287,144,67,2026-02-08 00:27:33,2026-02-08 10:52:05,84,13.7,555,624,318,101,136,69,502,31,88,65
2026-02-07 01:34:31,2026-02-08 00:27:33,UTCZ,96,56,72,35.14,95.96,9.9,2266,163,67,2026-02-07 01:34:31,2026-02-07 09:47:31,82,13.4,460,493,234,114,112,33,522,58,93,66
2026-02-05 23:14:11,2026-02-07 01:34:31,UTCZ,92,57,67,34.46,96.64,5.7,2214,129,70,2026-02-05 23:14:11,2026-02-06 07:59:48,84,13.2,491,525,298,63,130,34,609,105,93,78
2026-02-05 01:04:55,2026-02-05 23:14:11,UTCZ,64,55,62,35.17,96.88,16.0,3085,164,80,2026-02-05 01:04:55,2026-02-05 08:00:00,85,13.1,393,415,183,105,105,22,557,94,95,90
2026-02-04 00:55:08,2026-02-05 01:04:55,UTCZ,52,59,58,34.76,95.06,5.7,2092,145,71,2026-02-04 00:55:08,2026-02-04 08:04:44,85,13.2,424,429,240,91,93,5,570,84,98,85
2026-02-03 02:01:20,2026-02-04 00:55:08,UTCZ,51,60,59,34.91,90.08,13.3,2587,154,80,2026-02-03 02:01:20,2026-02-03 08:09:21,79,13.2,350,368,166,74,110,18,520,25,95,75
2026-02-01 23:18:49,2026-02-03 02:01:20,UTCZ,51,56,58,34.65,96.85,14.8,3254,160,78,2026-02-01 23:18:49,2026-02-02 07:58:22,85,13.4,490,519,246,84,160,29,529,64,94,73
2026-02-01 01:25:47,2026-02-01 23:18:49,UTCZ,65,56,65,35.46,96.36,6.9,1994,133,68,2026-02-01 01:25:47,2026-02-01 08:08:05,82,13.6,375,402,158,104,113,27,505,11,93,77
2026-01-31 00:24:44,2026-02-01 01:25:47,UTCZ,68,57,65,34.63,98.00,14.6,3054,162,76,2026-01-31 00:24:44,2026-01-31 09:10:07,92,13.1,488,525,310,76,102,37,506,40,92,83
2026-01-30 00:29:42,2026-01-31 00:24:44,UTCZ,73,58,64,34.78,97.21,7.3,2188,142,68,2026-01-30 00:29:42,2026-01-30 09:09:45,82,13.0,454,520,279,90,85,66,536,69,87,76
2026-01-28 23:45:06,2026-01-30 00:29:42,UTCZ,75,55,65,34.71,95.06,7.9,2225,157,74,2026-01-28 23:45:06,2026-01-29 07:25:37,87,13.3,433,460,244,80,109,27,540,76,94,86
2026-01-28 00:08:38,2026-01-28 23:45:06,UTCZ,83,56,67,34.91,97.07,6.2,2072,129,72,2026-01-28 00:08:38,2026-01-28 08:00:40,88,12.8,437,472,188,113,136,35,556,72,92,89
2026-01-27 00:32:06,2026-01-28 00:08:38,UTCZ,83,56,66,34.70,97.00,12.9,2662,155,76,2026-01-27 00:32:06,2026-01-27 07:58:06,87,13.2,427,445,237,90,100,18,541,74,95,87
2026-01-25 23:34:19,2026-01-27 00:32:06,UTCZ,71,57,61,34.72,97.35,7.9,2265,137,72,2026-01-25 23:34:19,2026-01-26 07:59:00,83,13.3,479,504,274,94,111,25,594,102,94,75
2026-01-25 00:59:16,2026-01-25 23:34:19,UTCZ,37,62,50,34.82,98.00,14.4,2828,163,78,2026-01-25 00:59:16,2026-01-25 08:08:42,84,13.4,416,429,214,88,114,13,575,108,96,85
2026-01-24 02:24:14,2026-01-25 00:59:16,UTCZ,65,58,60,34.85,95.69,8.0,2138,147,71,2026-01-24 02:24:14,2026-01-24 08:39:51,75,13.0,355,375,143,108,104,20,572,108,94,74
2026-01-23 00:33:57,2026-01-24 02:24:14,UTCZ,63,59,59,34.84,96.90,5.9,1644,143,78,2026-01-23 00:33:57,2026-01-23 08:07:36,85,13.4,426,453,257,64,105,27,594,108,94,87
2026-01-22 01:29:31,2026-01-23 00:33:57,UTCZ,57,58,58,35.22,97.17,13.4,2667,160,81,2026-01-22 01:29:31,2026-01-22 07:32:27,78,13.7,341,362,166,92,83,21,557,93,94,87
2026-01-21 01:09:20,2026-01-22 01:29:31,UTCZ,48,60,53,34.81,96.64,6.3,2084,132,76,2026-01-21 01:09:20,2026-01-21 08:00:51,86,13.5,397,411,223,74,100,14,542,75,96,90
2026-01-20 01:14:45,2026-01-21 01:09:20,UTCZ,45,62,53,34.32,97.25,7.6,2106,153,75,2026-01-20 01:14:45,2026-01-20 08:02:17,84,13.1,388,407,221,75,92,19,540,60,95,85
2026-01-19 00:46:56,2026-01-20 01:14:45,UTCZ,64,59,59,34.71,97.25,12.0,2469,173,81,2026-01-19 00:46:56,2026-01-19 07:56:54,84,13.5,392,429,208,78,106,37,514,35,91,83
2026-01-18 00:36:54,2026-01-19 00:46:56,UTCZ,83,55,66,34.82,97.75,11.7,2476,148,74,2026-01-18 00:36:54,2026-01-18 09:24:01,85,13.7,495,527,237,114,144,32,567,103,93,76
2026-01-17 02:25:19,2026-01-18 00:36:54,UTCZ,81,56,69,34.99,96.45,5.7,1934,131,68,2026-01-17 02:25:19,2026-01-17 08:34:55,75,13.7,355,369,223,70,62,14,562,94,96,71
2026-01-16 00:42:50,2026-01-17 02:25:19,UTCZ,49,61,54,34.74,97.38,8.5,2337,135,76,2026-01-16 00:42:50,2026-01-16 08:06:21,87,13.9,417,443,218,87,112,26,564,77,94,96
2026-01-15 00:24:07,2026-01-16 00:42:50,UTCZ,53,58,57,35.09,98.08,13.4,2700,158,79,2026-01-15 00:24:07,2026-01-15 08:04:29,88,14.7,441,460,215,97,129,19,563,97,95,97
2026-01-14 00:24:42,2026-01-15 00:24:07,UTCZ,49,59,55,34.50,97.63,7.5,2191,140,71,2026-01-14 00:24:42,2026-01-14 08:05:42,87,13.2,428,460,231,86,111,32,579,78,92,95
2026-01-13 00:29:11,2026-01-14 00:24:42,UTCZ,56,59,58,34.80,97.85,15.7,3122,162,83,2026-01-13 00:29:11,2026-01-13 08:08:20,85,13.0,434,459,276,70,88,25,555,64,94,92
2026-01-12 00:26:51,2026-01-13 00:29:11,UTCZ,81,56,68,34.52,97.20,14.2,2880,158,79,2026-01-12 00:26:51,2026-01-12 08:03:08,86,13.3,398,456,184,70,144,58,499,30,87,89
2026-01-10 23:59:48,2026-01-12 00:26:51,UTCZ,97,52,75,34.71,96.75,8.5,2300,150,66,2026-01-10 23:59:48,2026-01-11 08:27:14,90,13.0,484,507,260,95,129,23,533,66,95,84
2026-01-10 01:11:46,2026-01-10 23:59:48,UTCZ,69,61,62,34.84,96.78,7.7,2084,131,70,2026-01-10 01:11:46,2026-01-10 08:50:18,85,13.4,430,458,266,70,94,28,533,57,93,81
2026-01-09 00:41:05,2026-01-10 01:11:46,UTCZ,56,59,59,35.24,96.63,11.2,2484,137,78,2026-01-09 00:41:05,2026-01-09 08:01:36,89,13.4,423,440,179,122,122,17,512,48,96,89
2026-01-08 00:06:44,2026-01-09 00:41:05,UTCZ,47,63,56,34.20,96.58,6.3,2008,136,75,2026-01-08 00:06:44,2026-01-08 08:08:19,87,13.7,461,481,258,85,118,20,537,44,95,83
2026-01-07 00:41:46,2026-01-08 00:06:44,UTCZ,55,57,61,35.32,97.56,14.4,2867,160,79,2026-01-07 00:41:46,2026-01-07 08:06:30,83,13.4,421,444,256,81,84,23,490,25,94,73
2026-01-05 23:28:54,2026-01-07 00:41:46,UTCZ,44,61,54,35.01,95.55,7.1,2083,140,75,2026-01-05 23:28:54,2026-01-06 08:06:28,84,13.4,487,517,251,91,145,30,526,20,94,68
2026-01-05 01:35:05,2026-01-05 23:28:54,UTCZ,68,53,67,34.96,97.50,16.3,3033,169,80,2026-01-05 01:35:05,2026-01-05 07:33:21,78,13.3,343,358,196,80,67,15,375,0,95,43
2026-01-03 22:50:32,2026-01-05 01:35:05,UTCZ,76,54,70,34.73,95.93,11.7,2702,160,71,2026-01-03 22:50:32,2026-01-04 08:35:55,80,13.4,509,585,284,125,100,76,469,0,87,59
2026-01-02 21:56:26,2026-01-03 22:50:32,UTCZ,91,53,75,34.86,95.82,9.0,2378,151,66,2026-01-02 21:56:26,2026-01-03 09:12:33,75,13.5,565,676,342,100,123,111,555,65,83,41
2026-01-02 00:30:26,2026-01-02 21:56:26,UTCZ,91,51,75,34.19,95.40,14.0,2597,167,80,2026-01-02 00:30:26,2026-01-02 07:06:47,76,13.3,373,396,181,76,116,23,475,0,94,46
2025-12-31 15:43:22,2026-01-02 00:30:26,UTCZ,81,63,64,34.50,97.17,10.9,3168,153,68,2025-12-31 15:43:22,2026-01-01 05:42:54,58,14.1,654,839,469,70,115,185,512,47,77,24
2025-12-31 01:11:08,2025-12-31 15:43:22,UTCZ,93,55,71,34.76,97.56,6.7,1358,131,70,2025-12-31 01:11:08,2025-12-31 07:51:48,80,13.7,391,400,244,78,69,9,464,0,97,63
2025-12-29 23:21:06,2025-12-31 01:11:08,UTCZ,92,57,68,34.67,97.67,6.7,2298,147,68,2025-12-29 23:21:06,2025-12-30 09:20:23,83,13.6,573,599,295,101,177,26,524,34,95,58
2025-12-28 22:04:55,2025-12-29 23:21:06,UTCZ,71,63,56,34.99,98.20,13.8,2934,170,77,2025-12-28 22:04:55,2025-12-29 07:43:26,65,14.1,437,578,240,85,112,141,491,0,75,47
2025-12-27 21:43:52,2025-12-28 22:04:55,UTCZ,41,68,47,35.47,96.28,14.3,2874,163,79,2025-12-27 21:43:52,2025-12-28 08:29:30,71,14.3,603,645,361,103,139,42,540,66,93,23
2025-12-27 00:44:33,2025-12-27 21:43:52,UTCZ,38,70,50,35.44,96.33,10.7,2173,144,80,2025-12-27 00:44:33,2025-12-27 10:18:05,43,14.5,446,573,261,101,84,127,578,94,78,5
2025-12-25 23:00:51,2025-12-27 06:14:33,UTC+05:30,7,72,37,35.60,96.56,12.9,3237,161,82,2025-12-25 23:00:51,2025-12-26 06:08:52,54,15.0,388,428,274,80,34,40,577,88,90,61
2025-12-24 22:58:18,2025-12-25 23:00:51,UTC+05:30,32,68,50,34.51,98.75,13.8,2801,161,83,2025-12-24 22:58:18,2025-12-25 09:23:12,47,14.6,448,624,176,128,144,176,626,127,71,60
2025-12-24 01:57:47,2025-12-24 22:58:18,UTC+05:30,38,59,58,35.23,95.93,15.3,2795,160,83,2025-12-24 01:57:47,2025-12-24 07:29:48,54,13.2,283,332,147,88,48,49,580,100,85,73
2025-12-23 00:35:45,2025-12-24 01:57:47,UTC+05:30,55,59,63,35.13,98.00,12.1,2640,149,75,2025-12-23 00:35:45,2025-12-23 08:11:29,80,13.7,396,455,216,87,93,59,553,86,87,79
2025-12-22 00:34:55,2025-12-23 00:35:45,UTC+05:30,48,59,60,35.07,95.86,8.1,2167,147,74,2025-12-22 00:34:55,2025-12-22 07:28:25,79,13.7,375,413,201,85,89,38,509,39,90,66
2025-12-20 23:33:52,2025-12-22 00:34:55,UTC+05:30,56,57,64,34.40,96.94,9.4,2401,143,71,2025-12-20 23:33:52,2025-12-21 08:49:23,82,13.5,495,555,234,78,183,60,556,88,89,69
2025-12-20 03:41:21,2025-12-20 23:33:52,UTC+05:30,48,58,64,34.97,97.83,8.6,1902,159,71,2025-12-20 03:41:21,2025-12-20 08:35:10,67,13.7,265,293,146,66,53,28,442,30,91,46
2025-12-18 23:22:36,2025-12-20 03:41:21,UTC+05:30,5,58,56,35.94,96.50,7.8,2573,150,67,2025-12-19 14:15:50,2025-12-19 15:17:18,27,13.9,54,61,21,28,5,7,493,30,88,
2025-12-17 23:59:04,2025-12-18 23:22:36,UTC+05:30,85,53,74,34.87,97.22,10.5,2310,143,72,2025-12-17 23:59:04,2025-12-18 08:11:46,82,13.3,420,492,251,87,82,72,532,64,85,88
2025-12-17 00:25:31,2025-12-17 23:59:04,UTC+05:30,84,54,71,34.53,97.15,8.4,2219,146,69,2025-12-17 00:25:31,2025-12-17 08:29:39,87,13.0,474,484,202,97,175,10,574,99,97,86
2025-12-16 00:16:29,2025-12-17 00:25:31,UTC+05:30,94,57,73,35.14,98.04,11.0,2443,158,72,2025-12-16 00:16:29,2025-12-16 07:43:19,83,13.9,417,446,260,65,92,29,572,106,93,80
2025-12-15 00:59:45,2025-12-16 00:16:29,UTC+05:30,94,55,79,35.13,96.18,7.2,2112,136,68,2025-12-15 00:59:45,2025-12-15 08:29:48,83,13.8,428,450,195,106,127,22,593,127,95,82
2025-12-14 01:59:43,2025-12-15 00:59:45,UTC+05:30,75,57,69,34.93,96.67,7.4,2078,153,71,2025-12-14 01:59:43,2025-12-14 08:03:44,70,14.0,336,364,132,116,88,28,612,127,92,83
2025-12-13 01:41:11,2025-12-14 01:59:43,UTC+05:30,90,54,74,34.78,97.79,13.0,2722,149,77,2025-12-13 01:41:11,2025-12-13 08:29:42,77,13.5,381,408,203,92,86,27,592,127,93,74
2025-12-12 01:14:09,2025-12-13 01:41:11,UTC+05:30,60,54,67,35.04,97.29,6.5,2165,143,72,2025-12-12 01:14:09,2025-12-12 06:40:10,56,13.9,299,326,98,112,89,27,611,127,91,62
2025-12-11 02:29:37,2025-12-12 01:14:09,UTC+05:30,78,53,67,34.68,97.43,12.9,2544,157,76,2025-12-11 02:29:37,2025-12-11 09:08:14,66,12.9,372,398,134,114,124,26,653,127,93,54
2025-12-09 03:04:05,2025-12-11 02:29:37,UTC+05:30,20,51,75,34.30,96.33,19.1,6099,178,84,2025-12-09 03:04:05,2025-12-09 05:10:35,25,13.4,120,126,57,45,18,6,522,53,95,49
2025-12-07 23:59:33,2025-12-09 03:04:05,UTC+05:30,87,54,65,34.62,96.54,8.9,2532,135,69,2025-12-07 23:59:33,2025-12-08 07:41:12,78,13.5,443,461,226,98,119,18,549,60,96,53
2025-12-07 00:40:00,2025-12-07 23:59:33,UTC+05:30,80,57,61,35.01,95.85,13.9,2718,182,77,2025-12-07 00:40:00,2025-12-07 06:47:04,73,13.8,344,367,239,54,51,23,465,0,94,34
2025-12-05 22:33:27,2025-12-06 23:10:00,UTC+04:00,98,53,71,34.88,96.70,7.3,2231,138,66,2025-12-05 22:33:27,2025-12-06 09:08:22,76,13.0,612,634,338,120,154,22,569,88,96,20
2025-12-04 00:39:38,2025-12-05 18:33:27,UTCZ,55,57,57,35.15,98.40,12.3,4010,152,78,2025-12-04 00:39:38,2025-12-04 06:45:12,81,13.4,350,365,172,79,99,15,526,59,95,84
2025-12-02 23:49:49,2025-12-04 00:39:38,UTCZ,64,55,60,34.97,97.13,7.8,2143,138,72,2025-12-02 23:49:49,2025-12-03 07:21:22,87,13.1,420,451,207,101,112,31,540,53,93,87
2025-12-02 00:15:10,2025-12-02 23:49:49,UTCZ,72,55,62,34.80,97.11,13.5,2757,155,76,2025-12-02 00:15:10,2025-12-02 07:40:44,90,13.6,428,445,216,88,124,17,511,45,96,93
2025-12-01 00:55:35,2025-12-02 00:15:10,UTCZ,68,58,61,34.86,98.63,7.2,2089,135,72,2025-12-01 00:55:35,2025-12-01 07:59:46,88,13.2,407,424,242,96,69,17,497,24,96,87
2025-11-30 00:14:54,2025-12-01 00:55:35,UTCZ,74,56,62,34.57,98.00,10.5,2436,152,72,2025-11-30 00:14:54,2025-11-30 07:53:22,94,13.2,436,458,228,93,115,22,474,3,95,91
2025-11-28 23:53:52,2025-11-30 00:14:54,UTCZ,94,52,70,34.74,96.79,9.7,2390,152,67,2025-11-28 23:53:52,2025-11-29 07:58:23,99,13.4,459,484,217,91,151,25,464,0,94,91
2025-11-27 23:48:01,2025-11-28 23:53:52,UTCZ,93,54,66,35.01,97.14,6.0,1959,139,68,2025-11-27 23:48:01,2025-11-28 08:04:33,96,13.5,479,496,301,73,105,17,465,0,96,86
2025-11-26 23:33:56,2025-11-27 23:48:01,UTCZ,92,55,66,35.31,96.06,6.8,2174,133,69,2025-11-26 23:33:56,2025-11-27 07:50:28,93,13.2,472,496,272,90,110,24,466,0,95,82
2025-11-25 21:59:47,2025-11-26 23:33:56,UTCZ,75,59,60,34.92,97.75,7.4,2249,138,71,2025-11-25 21:59:47,2025-11-26 08:07:48,84,13.4,530,608,299,75,156,78,519,17,87,74
2025-11-24 22:51:59,2025-11-25 21:59:47,UTCZ,48,63,48,34.98,96.86,15.7,3051,164,82,2025-11-24 22:51:59,2025-11-25 08:11:00,87,13.1,501,559,329,73,99,58,528,26,89,77
2025-11-23 23:16:37,2025-11-24 22:51:59,UTCZ,70,56,60,34.98,95.06,15.8,3132,161,78,2025-11-23 23:16:37,2025-11-24 07:05:32,84,13.4,457,468,215,72,170,11,499,2,97,70
2025-11-23 01:07:05,2025-11-23 23:16:37,UTCZ,91,57,63,34.81,96.11,15.0,2848,171,75,2025-11-23 01:07:05,2025-11-23 09:11:38,86,13.5,459,484,280,92,87,25,463,0,94,70
2025-11-21 22:48:02,2025-11-23 01:07:05,UTCZ,98,56,69,34.80,97.63,5.7,2290,151,65,2025-11-21 22:48:02,2025-11-22 09:24:13,80,13.6,536,636,289,108,139,100,534,71,84,68
2025-11-20 23:39:33,2025-11-21 22:48:02,UTCZ,82,62,59,35.06,97.86,5.7,1981,141,72,2025-11-20 23:39:33,2025-11-21 07:57:14,85,13.7,469,497,292,81,96,28,579,89,94,83
2025-11-19 23:55:44,2025-11-20 23:39:33,UTCZ,87,59,62,34.61,96.70,14.0,2793,162,79,2025-11-19 23:55:44,2025-11-20 08:04:55,82,13.4,460,489,243,104,113,29,599,110,94,75
2025-11-19 00:33:25,2025-11-19 23:55:44,UTCZ,66,60,56,35.09,92.29,13.8,2715,164,79,2025-11-19 00:33:25,2025-11-19 06:39:12,77,15.0,340,365,180,80,80,25,512,25,93,68
2025-11-17 21:55:52,2025-11-19 00:33:25,UTCZ,16,76,35,36.55,96.00,13.5,2856,149,83,2025-11-17 21:55:52,2025-11-18 07:48:21,46,17.2,503,592,319,88,96,89,554,60,85,48
2025-11-17 01:13:20,2025-11-17 21:55:52,UTCZ,89,57,63,35.22,96.90,14.5,2729,156,80,2025-11-17 01:13:20,2025-11-17 07:39:06,82,13.5,374,385,182,88,104,11,468,4,97,74
2025-11-16 00:27:00,2025-11-17 01:13:20,UTCZ,,,,,,6.3,1734,139,75,,,,,,,,,,,,,,
2025-11-14 23:28:43,2025-11-16 00:27:00,UTCZ,97,53,67,34.84,97.82,6.6,2432,151,71,2025-11-14 23:28:43,2025-11-15 08:26:52,91,13.5,505,538,302,90,113,33,511,46,93,80
2025-11-14 00:05:35,2025-11-14 23:28:43,UTCZ,96,54,67,34.75,96.00,7.0,2062,135,71,2025-11-14 00:05:35,2025-11-14 07:32:07,88,13.7,425,446,231,84,110,21,496,32,95,84
2025-11-12 22:08:22,2025-11-14 00:05:35,UTCZ,71,58,57,34.83,95.90,5.9,2274,125,70,2025-11-12 22:08:22,2025-11-13 08:06:23,79,14.7,518,598,367,26,125,80,568,74,86,66
2025-11-12 00:04:34,2025-11-12 22:08:22,UTCZ,28,65,44,35.77,97.18,14.6,2783,160,80,2025-11-12 00:04:34,2025-11-12 07:31:10,81,16.9,399,446,199,90,110,47,516,50,89,78
2025-11-11 00:38:28,2025-11-12 00:04:34,UTCZ,30,64,42,35.45,96.83,7.1,2130,147,74,2025-11-11 00:38:28,2025-11-11 07:50:03,82,14.5,423,431,208,90,125,8,501,9,98,70
2025-11-09 23:07:51,2025-11-11 00:38:28,UTCZ,16,68,42,36.45,95.79,14.3,3090,159,82,2025-11-09 23:07:51,2025-11-10 07:56:00,75,16.3,484,528,305,52,127,44,503,24,91,55
2025-11-09 01:50:49,2025-11-09 23:07:51,UTCZ,6,76,40,36.34,97.30,11.8,2199,139,85,2025-11-09 01:50:49,2025-11-09 10:56:28,38,16.9,426,545,226,78,122,119,474,0,78,49
2025-11-07 22:29:46,2025-11-09 01:50:49,UTCZ,85,56,63,34.94,97.55,10.7,2556,148,70,2025-11-07 22:29:46,2025-11-08 08:56:48,84,12.9,562,627,351,88,123,65,557,92,89,62
2025-11-07 00:51:42,2025-11-07 22:29:46,UTCZ,81,56,64,35.17,98.17,6.1,1715,135,72,2025-11-07 00:51:42,2025-11-07 07:01:51,80,13.3,339,370,146,99,94,31,525,61,91,84
2025-11-06 01:05:06,2025-11-07 00:51:42,UTCZ,60,60,59,34.94,98.03,5.6,1792,129,74,2025-11-06 01:05:06,2025-11-06 08:07:09,83,13.2,411,422,250,68,93,11,534,45,97,79
2025-11-04 23:34:17,2025-11-06 01:05:06,UTCZ,45,60,51,,96.09,13.8,2918,160,78,2025-11-04 23:34:17,2025-11-05 08:37:19,82,13.1,482,543,277,88,117,61,573,85,88,73
2025-11-04 00:56:41,2025-11-04 23:34:17,UTCZ,58,58,60,34.78,97.82,13.6,2587,158,80,2025-11-04 00:56:41,2025-11-04 07:14:09,80,12.7,356,377,205,79,72,21,527,31,96,75
2025-11-02 23:52:03,2025-11-04 00:56:41,UTCZ,85,54,66,34.71,95.12,14.9,3058,165,77,2025-11-02 23:52:03,2025-11-03 07:14:53,83,12.9,424,442,229,79,116,18,487,21,95,69
2025-11-02 01:39:31,2025-11-02 23:52:03,UTCZ,88,55,66,34.64,96.72,7.0,2001,135,68,2025-11-02 01:39:31,2025-11-02 09:42:30,80,13.8,425,482,200,100,125,57,469,0,88,61
2025-10-31 23:28:28,2025-11-02 01:39:31,UTCZ,78,57,61,34.76,98.09,9.0,2459,143,71,2025-10-31 23:28:28,2025-11-01 08:49:38,94,13.5,531,561,291,97,143,30,488,25,94,83
2025-10-30 23:56:26,2025-10-31 23:28:28,UTCZ,92,55,67,35.00,96.94,5.1,1974,125,69,2025-10-30 23:56:26,2025-10-31 08:11:10,90,13.0,469,494,264,74,131,25,508,28,94,83
2025-10-29 23:12:35,2025-10-30 23:56:26,UTCZ,94,56,65,34.74,98.83,12.1,2614,155,74,2025-10-29 23:12:35,2025-10-30 07:36:07,89,13.1,483,503,238,107,138,20,527,41,95,81
2025-10-29 00:22:03,2025-10-29 23:12:35,UTCZ,50,63,50,34.74,97.24,13.3,2650,155,77,2025-10-29 00:22:03,2025-10-29 08:40:09,80,13.5,431,498,186,104,141,67,513,44,86,69
2025-10-27 23:42:43,2025-10-29 00:22:03,UTCZ,51,57,50,34.51,96.38,8.7,2320,135,76,2025-10-27 23:42:43,2025-10-28 06:44:44,83,13.4,402,422,227,100,75,20,491,0,95,74
2025-10-26 22:25:09,2025-10-27 23:42:43,UTCZ,56,58,52,34.82,96.00,14.3,2989,163,77,2025-10-26 22:25:09,2025-10-27 07:41:23,93,13.2,523,556,300,110,113,33,485,0,94,82
2025-10-25 22:55:07,2025-10-26 22:25:09,UTCZ,92,54,65,34.70,97.58,13.1,2695,160,71,2025-10-25 22:55:07,2025-10-26 08:19:29,88,13.6,509,564,328,75,106,55,499,33,90,74
2025-10-24 23:15:04,2025-10-25 23:55:07,UTC+01:00,71,60,60,34.60,97.67,7.2,2247,143,67,2025-10-24 23:15:04,2025-10-25 08:28:15,86,13.3,517,553,282,97,138,36,569,82,93,77
2025-10-23 23:29:03,2025-10-24 23:15:04,UTC+01:00,90,59,65,35.03,95.07,13.4,2759,158,75,2025-10-23 23:29:03,2025-10-24 06:41:45,83,13.5,411,432,235,66,110,21,539,75,95,79
2025-10-23 00:17:44,2025-10-23 23:29:03,UTC+01:00,47,62,50,35.26,96.40,5.9,2033,128,71,2025-10-23 00:17:44,2025-10-23 07:10:15,84,13.4,404,412,247,65,92,8,520,40,98,79
2025-10-22 00:05:23,2025-10-23 00:17:44,UTC+01:00,61,58,55,34.46,97.15,12.1,2574,155,75,2025-10-22 00:05:23,2025-10-22 08:09:07,87,12.8,440,483,255,94,91,43,504,6,91,81
2025-10-20 22:52:03,2025-10-22 00:05:23,UTC+01:00,55,59,52,34.82,97.31,15.1,3143,162,78,2025-10-20 22:52:03,2025-10-21 08:04:12,83,13.1,509,552,345,75,89,43,519,37,92,64
2025-10-20 00:49:28,2025-10-20 22:52:03,UTC+01:00,87,54,63,34.84,97.62,12.4,2441,157,76,2025-10-20 00:49:28,2025-10-20 07:55:29,84,13.3,405,426,194,82,129,21,463,0,95,74
2025-10-19 00:11:26,2025-10-20 00:49:28,UTC+01:00,93,54,65,34.14,97.30,5.6,2130,141,65,2025-10-19 00:11:26,2025-10-19 09:25:35,85,12.9,508,554,292,91,125,46,442,59,91,66
2025-10-18 00:31:23,2025-10-19 00:11:26,UTC+01:00,81,62,62,34.65,96.72,7.9,2182,150,68,2025-10-18 00:31:23,2025-10-18 09:14:34,81,13.4,485,523,205,98,182,38,578,112,92,76
2025-10-17 01:12:30,2025-10-18 00:31:23,UTC+01:00,40,61,51,34.81,97.50,7.3,2099,159,77,2025-10-17 01:12:30,2025-10-17 06:56:01,73,13.7,317,339,170,63,84,22,541,74,93,78
2025-10-16 00:59:58,2025-10-17 01:12:30,UTC+01:00,54,62,56,34.62,95.81,8.1,2225,140,72,2025-10-16 00:59:58,2025-10-16 09:07:29,81,13.3,439,487,237,91,111,48,587,96,90,80
2025-10-15 00:13:40,2025-10-16 00:59:58,UTC+01:00,59,61,58,35.07,96.86,14.2,2834,164,79,2025-10-15 00:13:40,2025-10-15 08:11:42,84,12.9,459,472,244,90,125,13,608,105,97,81
2025-10-14 00:44:35,2025-10-15 00:13:40,UTC+01:00,49,55,55,35.00,96.12,15.9,3267,163,80,2025-10-14 00:44:35,2025-10-14 07:09:07,73,13.3,330,373,121,103,106,43,541,76,88,74
2025-10-13 00:53:42,2025-10-14 00:44:35,UTC+01:00,68,55,61,35.00,97.85,6.6,2105,141,69,2025-10-13 00:53:42,2025-10-13 07:58:14,83,13.0,413,424,202,100,111,11,533,53,97,76
2025-10-12 01:37:40,2025-10-13 00:53:42,UTC+01:00,91,52,72,34.99,97.00,11.9,2413,176,67,2025-10-12 01:37:40,2025-10-12 08:41:11,77,13.1,362,418,184,101,77,56,469,0,86,67
2025-10-10 23:40:37,2025-10-12 01:37:40,UTC+01:00,78,58,62,34.04,98.42,9.0,2419,143,67,2025-10-10 23:40:37,2025-10-11 10:41:39,81,13.5,562,658,343,101,118,96,554,53,85,67
2025-10-09 23:53:56,2025-10-10 23:40:37,UTC+01:00,77,57,63,34.17,95.85,15.6,3001,166,77,2025-10-09 23:53:56,2025-10-10 08:01:58,91,13.7,463,483,237,111,115,20,545,80,95,90
2025-10-09 00:06:53,2025-10-09 23:53:56,UTC+01:00,77,57,63,34.65,96.75,6.8,1897,138,74,2025-10-09 00:06:53,2025-10-09 08:14:54,83,13.5,420,481,197,85,138,61,546,56,87,83
2025-10-07 23:43:33,2025-10-09 00:06:53,UTC+01:00,60,58,55,34.79,97.40,13.9,2846,160,76,2025-10-07 23:43:33,2025-10-08 08:04:05,84,13.3,481,500,265,94,122,19,568,77,96,76
2025-10-06 23:55:22,2025-10-07 23:43:33,UTC+01:00,87,56,64,34.69,96.93,14.0,2744,161,79,2025-10-06 23:55:22,2025-10-07 06:35:53,80,13.2,362,400,165,89,108,38,518,46,90,71
2025-10-05 23:29:50,2025-10-06 23:55:22,UTC+01:00,48,61,49,34.38,97.64,9.8,2037,152,71,2025-10-05 23:29:50,2025-10-06 06:43:52,79,13.3,398,432,253,79,66,34,491,0,92,61
2025-10-05 00:39:18,2025-10-05 23:29:50,UTC+01:00,88,53,64,35.16,96.00,14.2,2809,158,71,2025-10-05 00:39:18,2025-10-05 09:46:20,88,13.2,501,545,270,84,147,44,464,0,91,73
2025-10-04 00:14:15,2025-10-05 00:39:18,UTC+01:00,94,57,68,34.76,97.64,4.9,2108,133,63,2025-10-04 00:14:15,2025-10-04 10:42:17,78,13.4,519,627,275,122,122,108,520,56,82,59
2025-10-02 23:36:37,2025-10-04 00:14:15,UTC+01:00,51,64,49,34.88,97.56,6.0,1909,138,75,2025-10-02 23:36:37,2025-10-03 08:08:09,86,13.5,466,507,264,80,122,41,555,61,91,84
2025-10-01 23:55:05,2025-10-02 23:36:37,UTC+01:00,84,57,61,34.80,96.88,14.5,2938,164,76,2025-10-01 23:55:05,2025-10-02 07:48:36,85,13.3,428,473,192,97,139,45,524,61,90,80
2025-09-30 23:15:47,2025-10-01 23:55:05,UTC+01:00,48,65,48,34.44,97.38,5.1,1805,137,76,2025-09-30 23:15:47,2025-10-01 06:41:49,81,13.3,408,434,228,95,85,26,530,33,93,85
2025-09-29 23:00:58,2025-09-30 23:15:47,UTC+01:00,36,68,41,34.60,98.00,14.9,2998,161,82,2025-09-29 23:00:58,2025-09-30 06:32:59,77,13.4,406,449,205,85,116,43,474,0,90,77
2025-09-28 23:05:05,2025-09-29 23:00:58,UTC+01:00,91,57,63,34.53,98.68,10.6,2428,151,76,2025-09-28 23:05:05,2025-09-29 07:27:36,90,13.1,477,500,284,74,119,23,466,0,95,78
2025-09-27 23:31:02,2025-09-28 23:05:05,UTC+01:00,79,57,59,34.88,97.79,7.7,2171,165,66,2025-09-27 23:31:02,2025-09-28 08:22:34,90,13.2,486,525,275,91,120,39,465,0,92,78
2025-09-26 23:34:00,2025-09-27 23:31:02,UTC+01:00,73,59,58,34.90,96.89,7.0,2144,139,69,2025-09-26 23:34:00,2025-09-27 09:40:32,83,13.5,576,602,328,100,148,26,571,102,95,61
2025-09-25 23:38:33,2025-09-26 23:34:00,UTC+01:00,58,59,55,34.62,96.57,8.8,2272,142,76,2025-09-25 23:38:33,2025-09-26 06:32:35,82,13.5,391,411,224,73,94,20,551,87,95,80
2025-09-25 00:48:59,2025-09-25 23:38:33,UTC+01:00,54,61,54,34.49,95.60,6.2,1959,134,75,2025-09-25 00:48:59,2025-09-25 07:12:00,78,13.4,348,374,206,89,53,26,522,31,93,70
2025-09-23 22:41:24,2025-09-25 00:48:59,UTC+01:00,87,54,65,34.70,96.73,14.2,3021,160,76,2025-09-23 22:41:24,2025-09-24 06:52:56,89,13.1,448,468,242,104,102,20,497,30,95,83
2025-09-22 22:17:30,2025-09-23 22:41:24,UTC+01:00,68,56,58,34.59,95.19,7.7,2234,135,73,2025-09-22 22:17:30,2025-09-23 06:39:32,84,13.3,447,502,253,108,86,55,494,26,89,74
2025-09-21 21:55:13,2025-09-22 22:17:30,UTC+01:00,80,55,61,35.12,96.42,8.5,2299,141,75,2025-09-21 21:55:13,2025-09-22 07:00:15,84,12.9,524,539,252,95,177,15,565,93,97,68
2025-09-21 00:45:11,2025-09-21 21:55:13,UTC+01:00,85,55,67,34.39,97.55,10.0,2143,160,74,2025-09-21 00:45:11,2025-09-21 07:08:13,79,13.3,353,374,189,70,94,21,498,106,94,69
2025-09-19 23:47:39,2025-09-21 00:45:11,UTC+01:00,71,60,59,35.10,97.21,8.8,2340,150,74,2025-09-19 23:47:39,2025-09-20 07:23:40,85,13.2,427,449,183,142,102,22,592,127,94,88
2025-09-18 23:54:49,2025-09-19 23:47:39,UTC+01:00,50,65,50,34.66,97.43,6.2,2108,134,74,2025-09-18 23:54:49,2025-09-19 07:02:50,78,13.4,392,425,223,68,101,33,593,127,92,83
2025-09-17 23:17:50,2025-09-18 23:54:49,UTC+01:00,41,64,46,34.70,97.31,6.7,1991,146,76,2025-09-17 23:17:50,2025-09-18 06:44:22,76,13.5,412,446,231,69,112,34,615,122,92,79
2025-09-17 00:35:49,2025-09-17 23:17:50,UTC+01:00,42,63,48,35.03,96.27,14.5,2794,170,80,2025-09-17 00:35:49,2025-09-17 06:37:50,75,13.6,331,362,151,84,96,31,520,29,91,67
2025-09-15 22:55:03,2025-09-17 00:35:49,UTC+01:00,77,56,63,34.30,97.56,14.1,3039,160,77,2025-09-15 22:55:03,2025-09-16 06:47:05,83,12.8,429,472,241,108,80,43,475,0,91,68
2025-09-14 22:42:55,2025-09-15 22:55:03,UTC+01:00,62,61,57,35.26,95.07,11.0,2466,185,76,2025-09-14 22:42:55,2025-09-15 06:58:57,79,13.5,454,489,278,78,98,35,416,110,92,43
2025-09-13 23:47:23,2025-09-14 22:42:55,UTC+01:00,1,77,29,33.55,93.00,8.7,2162,133,81,2025-09-13 23:47:23,2025-09-14 08:23:54,36,14.9,391,516,208,97,86,125,613,127,75,76
2025-09-13 00:42:50,2025-09-13 23:47:23,UTC+01:00,63,56,62,34.28,98.23,13.1,2584,140,77,2025-09-13 00:42:50,2025-09-13 07:33:22,77,12.7,378,407,188,102,88,29,601,127,93,80
2025-09-11 23:38:06,2025-09-13 00:42:50,UTC+01:00,48,61,55,34.85,96.81,10.4,2451,157,74,2025-09-11 23:38:06,2025-09-12 06:31:37,81,13.1,384,412,203,92,89,28,592,127,93,91
2025-09-11 00:35:24,2025-09-11 23:38:06,UTC+01:00,12,70,33,34.90,97.31,6.6,1847,139,80,2025-09-11 00:35:24,2025-09-11 06:37:25,49,13.3,345,353,152,121,72,8,619,116,97,88
2025-09-09 23:52:52,2025-09-11 00:35:24,UTC+01:00,60,58,62,34.31,97.58,15.8,3201,164,76,2025-09-09 23:52:52,2025-09-10 06:41:23,79,12.9,373,393,224,89,60,20,606,105,95,90
2025-09-08 23:44:45,2025-09-09 23:52:52,UTC+01:00,78,54,66,34.61,98.33,15.6,3064,171,79,2025-09-08 23:44:45,2025-09-09 06:26:47,79,12.9,379,398,196,98,85,19,590,123,95,83
2025-09-07 23:59:48,2025-09-08 23:44:45,UTC+01:00,60,56,60,34.61,97.64,7.7,2171,140,71,2025-09-07 23:59:48,2025-09-08 06:31:49,80,13.1,368,389,157,119,92,21,560,75,95,81
2025-09-07 00:11:16,2025-09-07 23:59:48,UTC+01:00,81,55,65,34.38,96.86,13.1,2640,145,76,2025-09-07 00:11:16,2025-09-07 08:10:18,86,13.2,458,475,260,87,111,17,576,97,96,84
2025-09-06 00:00:14,2025-09-07 00:11:16,UTC+01:00,74,56,63,34.31,96.78,11.7,2545,169,73,2025-09-06 00:00:14,2025-09-06 08:41:16,81,13.2,455,516,217,103,135,61,607,126,88,73
2025-09-05 00:17:05,2025-09-06 00:00:14,UTC+01:00,42,58,55,34.69,95.75,12.2,2313,149,75,2025-09-05 00:17:05,2025-09-05 06:50:06,75,13.1,359,375,197,86,76,16,612,116,95,87
2025-09-03 23:25:30,2025-09-05 00:17:05,UTC+01:00,69,53,62,35.06,96.86,14.8,2926,163,80,2025-09-03 23:25:30,2025-09-04 06:37:01,80,12.8,400,426,198,102,100,26,582,116,93,74
2025-09-03 00:23:44,2025-09-03 23:25:30,UTC+01:00,38,61,54,34.56,95.39,7.2,2123,140,72,2025-09-03 00:23:44,2025-09-03 06:41:15,75,13.1,357,368,167,91,99,11,589,99,96,76
2025-09-02 00:32:40,2025-09-03 00:23:44,UTC+01:00,48,57,57,34.44,96.78,13.9,2820,167,81,2025-09-02 00:32:40,2025-09-02 07:30:42,82,12.9,394,413,230,104,60,19,549,80,95,77
2025-09-01 00:29:33,2025-09-02 00:32:40,UTC+01:00,59,55,61,34.59,96.12,8.5,2198,139,72,2025-09-01 00:29:33,2025-09-01 07:57:04,81,13.0,429,443,259,73,97,14,555,69,96,71
2025-08-31 02:19:31,2025-09-01 00:29:33,UTC+01:00,57,55,59,34.77,95.91,13.2,2566,164,77,2025-08-31 02:19:31,2025-08-31 09:39:02,78,13.2,396,421,196,111,89,25,534,69,94,58
2025-08-29 23:21:32,2025-08-31 02:19:31,UTC+01:00,74,56,66,34.40,97.36,6.6,2410,132,66,2025-08-29 23:21:32,2025-08-30 07:55:03,83,13.2,488,508,274,102,112,20,596,126,96,73
2025-08-29 02:23:02,2025-08-29 23:21:32,UTC+01:00,36,59,57,34.25,96.67,8.9,2026,146,75,2025-08-29 02:23:02,2025-08-29 07:02:33,59,13.3,257,270,94,100,63,13,511,42,95,65
2025-08-27 23:10:27,2025-08-29 02:23:02,UTC+01:00,62,55,61,34.68,97.67,8.6,2544,141,74,2025-08-27 23:10:27,2025-08-28 08:12:59,83,13.1,503,537,268,89,146,34,569,97,93,69
2025-08-27 01:08:15,2025-08-27 23:10:27,UTC+01:00,63,55,64,34.21,96.30,9.7,2163,143,75,2025-08-27 01:08:15,2025-08-27 07:15:46,76,13.3,337,360,153,113,71,23,532,46,94,72
2025-08-25 23:47:37,2025-08-27 01:08:15,UTC+01:00,67,57,63,34.36,97.47,13.2,2795,166,75,2025-08-25 23:47:37,2025-08-26 08:14:38,82,12.9,473,507,249,119,105,34,565,71,93,71
2025-08-25 02:02:35,2025-08-25 23:47:37,UTC+01:00,89,52,73,34.59,94.80,14.5,2769,160,75,2025-08-25 02:02:35,2025-08-25 08:58:36,81,13.1,374,410,180,99,95,36,518,39,91,75
2025-08-24 00:52:32,2025-08-25 02:02:35,UTC+01:00,92,51,72,34.46,96.40,11.8,2607,142,70,2025-08-24 00:52:32,2025-08-24 09:58:34,84,12.6,483,534,262,99,122,51,544,78,90,73
2025-08-23 01:19:30,2025-08-24 00:52:32,UTC+01:00,56,57,60,34.64,97.36,7.1,2150,145,67,2025-08-23 01:19:30,2025-08-23 08:35:01,84,13.4,403,432,185,93,125,29,524,54,93,80
2025-08-21 23:47:24,2025-08-23 01:19:30,UTC+01:00,96,51,76,34.44,98.00,9.4,2412,153,72,2025-08-21 23:47:24,2025-08-22 08:02:55,89,12.8,466,492,235,109,122,26,550,73,94,87
2025-08-21 00:11:41,2025-08-21 23:47:24,UTC+01:00,59,57,62,34.90,96.65,11.2,2109,155,74,2025-08-21 00:11:41,2025-08-21 07:55:13,85,13.6,443,463,240,105,98,20,557,93,95,82
2025-08-20 01:06:46,2025-08-21 00:11:41,UTC+01:00,57,56,62,34.44,98.68,5.9,1855,124,72,2025-08-20 01:06:46,2025-08-20 08:16:47,83,13.4,404,427,223,91,90,23,548,53,94,80
2025-08-18 23:57:29,2025-08-20 01:06:46,UTC+01:00,59,56,63,34.55,97.50,14.7,3083,157,76,2025-08-18 23:57:29,2025-08-19 08:14:00,83,13.4,476,495,212,107,157,19,559,66,96,71
2025-08-18 00:27:34,2025-08-18 23:57:29,UTC+01:00,61,54,64,34.57,98.40,14.4,2913,160,75,2025-08-18 00:27:34,2025-08-18 08:04:36,79,12.8,421,450,264,100,57,29,554,81,93,65
2025-08-17 03:17:03,2025-08-18 00:27:34,UTC+01:00,68,55,66,34.67,97.11,10.1,2140,155,71,2025-08-17 03:17:03,2025-08-17 09:58:04,75,13.2,361,392,207,95,59,31,524,39,92,51
2025-08-16 00:52:00,2025-08-17 03:17:03,UTC+01:00,73,53,66,34.64,96.50,13.0,2723,152,70,2025-08-16 00:52:00,2025-08-16 09:04:02,84,12.9,445,461,231,99,115,16,525,54,96,75
2025-08-15 00:09:53,2025-08-16 00:52:00,UTC+01:00,72,56,65,34.84,96.88,9.2,2303,150,75,2025-08-15 00:09:53,2025-08-15 06:59:55,85,13.3,397,410,223,68,106,13,506,40,96,84
2025-08-13 23:41:43,2025-08-15 00:09:53,UTC+01:00,91,53,72,34.58,98.31,7.3,2229,147,67,2025-08-13 23:41:43,2025-08-14 07:59:45,90,12.9,481,497,281,99,101,16,544,74,96,86
2025-08-13 00:51:45,2025-08-13 23:41:43,UTC+01:00,66,55,66,34.53,96.90,8.9,2206,157,68,2025-08-13 00:51:45,2025-08-13 07:46:16,82,13.2,391,409,221,77,93,18,541,51,95,79
2025-08-12 00:22:56,2025-08-13 00:51:45,UTC+01:00,65,55,65,34.37,95.60,13.9,2862,161,74,2025-08-12 00:22:56,2025-08-12 08:06:28,83,12.9,428,456,255,77,96,28,530,52,93,74
2025-08-11 00:46:40,2025-08-12 01:22:56,UTC+02:00,66,53,66,34.73,97.50,11.6,2555,148,74,2025-08-11 00:46:40,2025-08-11 07:57:11,83,13.1,403,418,208,105,90,15,508,45,96,77
2025-08-10 00:15:30,2025-08-11 00:46:40,UTC+02:00,47,57,57,34.12,97.98,5.1,2101,115,66,2025-08-10 00:15:30,2025-08-10 09:36:02,85,13.1,514,553,277,97,140,39,584,58,92,77
2025-08-09 00:11:08,2025-08-10 00:15:30,UTC+02:00,64,56,69,34.53,98.10,19.1,3807,180,82,2025-08-09 00:11:08,2025-08-09 06:23:39,80,13.5,352,370,225,69,58,18,469,0,95,68
2025-08-07 23:40:05,2025-08-09 00:11:08,UTC+02:00,93,50,76,34.49,97.29,8.8,2335,151,68,2025-08-07 23:40:05,2025-08-08 08:24:37,92,13.0,499,524,322,76,101,25,472,4,95,80
2025-08-07 00:16:33,2025-08-07 23:40:05,UTC+02:00,91,51,72,34.59,95.88,8.4,2165,145,69,2025-08-07 00:16:33,2025-08-07 09:07:35,97,13.1,499,522,280,110,109,23,506,37,95,87
2025-08-06 00:14:00,2025-08-07 00:16:33,UTC+02:00,87,51,73,34.43,98.17,8.8,2231,132,68,2025-08-06 00:14:00,2025-08-06 09:26:32,87,13.0,490,547,232,123,135,57,548,74,89,80
2025-08-05 01:34:58,2025-08-06 00:14:00,UTC+02:00,70,51,66,34.75,98.00,10.5,2165,154,71,2025-08-05 01:34:58,2025-08-05 08:51:30,83,13.1,380,425,203,93,84,45,495,29,89,79
2025-08-03 23:32:25,2025-08-05 01:34:58,UTC+02:00,78,53,67,34.79,95.24,7.3,2355,153,66,2025-08-03 23:32:25,2025-08-04 09:58:42,82,13.2,564,626,299,110,155,62,610,127,90,63
2025-08-03 01:23:54,2025-08-03 23:32:25,UTC+02:00,85,55,72,34.72,96.92,12.6,2444,157,75,2025-08-03 01:23:54,2025-08-03 08:49:55,80,13.5,390,446,204,100,86,56,588,105,89,80
2025-08-02 01:20:22,2025-08-03 01:23:54,UTC+02:00,91,51,75,34.71,97.79,12.7,2658,152,74,2025-08-02 01:20:22,2025-08-02 09:08:23,82,12.7,436,456,226,136,74,20,600,127,95,77
2025-08-01 03:02:53,2025-08-02 00:20:22,UTC+01:00,63,58,68,35.11,97.50,10.1,2125,150,74,2025-08-01 03:02:53,2025-08-01 08:22:24,65,13.1,307,317,113,107,87,10,595,127,97,82
2025-07-31 01:37:08,2025-08-01 03:02:53,UTC+01:00,69,58,65,34.79,98.17,7.9,2358,151,75,2025-07-31 01:37:08,2025-07-31 08:19:40,78,13.4,374,402,150,95,129,28,610,127,92,87
2025-07-30 01:47:58,2025-07-31 01:37:08,UTC+01:00,39,62,51,34.52,97.20,12.5,2585,154,78,2025-07-30 01:47:58,2025-07-30 08:25:59,75,13.1,365,389,195,97,73,24,598,104,93,76
2025-07-29 01:31:09,2025-07-30 01:47:58,UTC+01:00,37,62,50,34.44,98.38,14.4,2989,167,82,2025-07-29 01:31:09,2025-07-29 08:02:10,71,13.4,345,391,164,77,104,46,555,76,88,67
2025-07-28 01:39:56,2025-07-29 01:31:09,UTC+01:00,63,56,62,34.59,98.46,11.7,2581,146,77,2025-07-28 01:39:56,2025-07-28 08:19:57,78,12.5,366,397,165,123,78,31,485,112,92,56
2025-07-26 20:45:53,2025-07-28 01:39:56,UTC+01:00,17,52,72,35.27,99.00,13.3,3182,160,74,2025-07-27 07:00:55,2025-07-27 09:02:25,21,13.4,114,119,45,38,31,5,576,112,96,
2025-07-26 02:47:52,2025-07-26 20:45:53,UTC+01:00,83,51,71,34.42,95.50,11.2,1969,142,76,2025-07-26 02:47:52,2025-07-26 08:00:23,73,12.8,297,304,122,92,83,7,490,24,97,66
2025-07-25 00:01:54,2025-07-26 02:47:52,UTC+01:00,86,55,69,34.66,97.94,6.8,2295,130,68,2025-07-25 00:01:54,2025-07-25 08:07:25,89,13.3,462,477,262,85,115,15,501,36,96,81
2025-07-23 23:29:40,2025-07-25 00:01:54,UTC+01:00,69,56,64,34.65,97.65,5.9,2099,133,70,2025-07-23 23:29:40,2025-07-24 09:08:40,82,13.7,534,578,283,120,131,44,591,127,92,66
2025-07-23 01:49:04,2025-07-23 23:29:40,UTC+01:00,46,54,62,34.98,95.05,5.6,1587,124,71,2025-07-23 01:49:04,2025-07-23 07:10:50,62,12.8,294,321,120,131,43,27,574,105,92,75
2025-07-22 00:23:47,2025-07-23 01:49:04,UTC+01:00,41,58,54,33.83,96.88,8.9,2308,136,75,2025-07-22 00:23:47,2025-07-22 08:01:53,84,13.4,435,458,243,97,95,23,598,100,94,84
2025-07-21 00:37:45,2025-07-22 00:23:47,UTC+01:00,88,53,70,34.36,98.44,15.1,2861,174,78,2025-07-21 00:37:45,2025-07-21 07:56:37,82,12.8,406,438,217,100,89,32,563,98,92,78
2025-07-20 01:13:13,2025-07-21 00:37:45,UTC+01:00,85,54,69,34.42,96.22,6.6,2118,146,66,2025-07-20 01:13:13,2025-07-20 09:14:02,81,12.9,439,480,205,68,166,41,591,127,91,74
2025-07-19 02:38:11,2025-07-20 01:13:13,UTC+01:00,42,54,65,34.47,98.55,5.6,1981,128,69,2025-07-19 02:38:11,2025-07-19 08:03:50,45,12.8,257,325,141,41,75,68,553,88,78,74
2025-07-18 00:19:33,2025-07-19 02:38:11,UTC+01:00,70,57,65,34.92,98.08,6.3,2349,143,70,2025-07-18 00:19:33,2025-07-18 08:10:46,87,13.0,439,471,274,95,70,32,577,85,93,92
2025-07-17 00:13:09,2025-07-18 00:19:33,UTC+01:00,85,56,70,34.55,96.71,14.2,2844,160,74,2025-07-17 00:13:09,2025-07-17 08:11:41,81,13.2,404,469,187,87,130,65,536,71,86,85
2025-07-16 00:54:37,2025-07-17 00:13:09,UTC+01:00,63,56,61,34.78,98.43,6.3,2068,122,71,2025-07-16 00:54:37,2025-07-16 08:09:38,85,13.1,412,435,201,93,118,23,523,58,94,84
2025-07-15 00:41:02,2025-07-16 00:54:37,UTC+01:00,64,57,62,34.20,98.42,6.2,2065,122,73,2025-07-15 00:41:02,2025-07-15 08:09:04,84,13.1,424,440,210,94,120,16,515,23,96,78
2025-07-14 01:01:31,2025-07-15 00:41:02,UTC+01:00,78,52,67,34.75,98.41,14.1,2837,158,74,2025-07-14 01:01:31,2025-07-14 08:08:02,83,12.9,408,426,260,69,79,18,445,91,95,67
2025-07-13 00:27:58,2025-07-14 01:01:31,UTC+01:00,84,58,70,34.21,97.00,6.7,2213,130,68,2025-07-13 00:27:58,2025-07-13 08:19:30,79,13.5,431,467,250,85,96,36,573,108,92,63
2025-07-12 02:51:56,2025-07-13 00:27:58,UTC+01:00,38,63,53,34.78,98.08,5.9,1918,126,70,2025-07-12 02:51:56,2025-07-12 09:36:58,68,13.5,376,403,198,76,102,27,594,110,93,43
2025-07-11 00:53:56,2025-07-12 02:51:56,UTC+01:00,43,56,57,34.63,96.92,12.8,2177,142,89,2025-07-11 00:53:56,2025-07-11 05:59:57,68,12.9,289,305,139,80,70,16,510,14,94,62
2025-07-09 20:23:30,2025-07-11 00:53:56,UTC+01:00,63,57,63,34.50,97.50,14.8,3326,165,76,2025-07-09 20:23:30,2025-07-10 08:09:32,60,13.9,551,701,363,63,125,150,580,114,78,43
2025-07-09 01:10:20,2025-07-09 20:23:30,UTC+01:00,67,53,67,35.08,97.36,7.2,1775,136,72,2025-07-09 01:10:20,2025-07-09 07:10:21,75,13.2,336,352,125,101,110,16,565,100,95,82
2025-07-08 00:46:26,2025-07-09 01:10:20,UTC+01:00,36,61,51,34.50,97.86,6.5,2170,134,71,2025-07-08 00:46:26,2025-07-08 07:23:58,78,13.4,383,397,222,102,59,14,584,89,96,77
2025-07-07 00:37:18,2025-07-08 00:46:26,UTC+01:00,63,54,65,34.81,98.40,14.7,3063,167,78,2025-07-07 00:37:18,2025-07-07 06:58:19,77,13.2,344,376,164,81,99,32,523,40,91,69
2025-07-06 01:36:16,2025-07-07 00:37:18,UTC+01:00,75,53,67,34.60,95.00,12.6,2458,138,70,2025-07-06 01:36:16,2025-07-06 09:13:47,82,13.0,410,454,182,98,130,44,473,9,90,66
2025-07-04 23:08:43,2025-07-06 01:36:16,UTC+01:00,71,54,65,34.69,95.26,5.8,2331,137,64,2025-07-04 23:08:43,2025-07-05 09:53:29,82,13.1,577,616,321,116,140,39,591,121,93,57
2025-07-04 00:47:13,2025-07-04 23:08:43,UTC+01:00,73,53,72,34.45,97.89,9.3,2198,144,75,2025-07-04 00:47:13,2025-07-04 06:49:14,73,13.1,325,358,128,124,73,33,567,100,90,85
2025-07-03 00:18:58,2025-07-04 00:47:13,UTC+01:00,91,53,73,34.40,97.60,7.9,2265,148,71,2025-07-03 00:18:58,2025-07-03 07:36:59,84,13.1,408,431,205,109,94,23,563,99,94,86
2025-07-02 00:34:00,2025-07-03 00:18:58,UTC+01:00,41,59,54,34.78,98.00,5.8,1822,129,74,2025-07-02 00:34:00,2025-07-02 07:48:32,82,13.4,403,431,181,118,104,28,558,72,94,77
2025-07-01 00:01:22,2025-07-02 00:34:00,UTC+01:00,67,55,65,34.58,98.46,13.2,2705,159,75,2025-07-01 00:01:22,2025-07-01 06:47:23,78,13.1,385,402,193,76,116,17,530,63,95,60
2025-06-30 01:19:28,2025-07-01 00:01:22,UTC+01:00,73,53,67,34.30,98.18,7.6,2129,139,70,2025-06-30 01:19:28,2025-06-30 08:12:29,81,13.1,382,408,205,89,88,26,509,17,93,71
2025-06-29 00:30:25,2025-06-30 01:19:28,UTC+01:00,84,51,70,34.65,95.40,14.1,2887,172,73,2025-06-29 00:30:25,2025-06-29 08:52:27,81,13.4,444,496,274,63,107,52,479,12,89,59
2025-06-28 02:07:41,2025-06-29 00:30:25,UTC+01:00,56,57,60,34.74,98.46,7.6,2135,148,67,2025-06-28 02:07:41,2025-06-28 10:39:24,78,13.5,477,505,262,119,96,28,503,60,94,42
2025-06-27 00:08:06,2025-06-28 02:07:41,UTC+01:00,72,57,67,34.94,98.54,8.1,2406,127,72,2025-06-27 00:08:06,2025-06-27 08:04:08,81,13.4,424,470,199,111,114,46,544,52,90,87
2025-06-25 23:30:31,2025-06-27 00:08:06,UTC+01:00,69,53,64,34.83,97.00,14.1,2919,166,75,2025-06-25 23:30:31,2025-06-26 07:51:02,84,13.4,479,497,248,94,137,18,561,97,96,77
2025-06-25 01:12:40,2025-06-25 23:30:31,UTC+01:00,90,57,79,35.07,97.82,5.6,1980,135,70,2025-06-25 01:12:40,2025-06-25 07:43:12,84,13.7,365,386,193,91,81,21,516,52,95,86
2025-06-24 00:18:26,2025-06-25 01:12:40,UTC+01:00,59,54,61,34.96,98.00,4.9,1928,126,70,2025-06-24 00:18:26,2025-06-24 07:36:27,82,13.2,423,436,187,98,138,13,529,63,97,74
2025-06-23 01:00:09,2025-06-24 00:18:26,UTC+01:00,93,51,74,34.91,97.79,6.6,1960,138,71,2025-06-23 01:00:09,2025-06-23 08:08:10,83,12.9,407,424,123,120,164,17,535,55,95,79
2025-06-22 01:27:00,2025-06-23 01:00:09,UTC+01:00,80,54,67,34.86,97.00,11.9,2498,151,72,2025-06-22 01:27:00,2025-06-22 08:43:01,82,13.1,404,422,207,95,102,18,515,50,95,74
2025-06-21 02:27:58,2025-06-22 01:27:00,UTC+01:00,73,55,65,34.76,97.38,6.7,2072,127,68,2025-06-21 02:27:58,2025-06-21 09:44:59,78,13.7,410,432,219,74,117,22,510,45,95,56
2025-06-19 23:36:25,2025-06-21 02:27:58,UTC+01:00,60,57,60,34.84,96.56,6.5,2407,148,71,2025-06-19 23:36:25,2025-06-20 08:12:57,87,13.3,490,503,256,98,136,13,561,80,97,82
2025-06-19 00:27:59,2025-06-19 23:36:25,UTC+01:00,68,55,65,35.14,98.23,12.3,2545,160,74,2025-06-19 00:27:59,2025-06-19 07:15:00,82,13.4,363,396,210,59,94,33,523,56,91,81
2025-06-18 00:06:00,2025-06-19 00:27:59,UTC+01:00,53,58,58,34.62,96.07,7.8,2190,144,74,2025-06-18 00:06:00,2025-06-18 08:10:00,85,13.5,446,484,270,82,94,38,559,68,92,83
2025-06-17 01:05:30,2025-06-18 00:06:00,UTC+01:00,50,58,57,34.31,97.50,14.0,2764,169,77,2025-06-17 01:05:30,2025-06-17 08:14:32,84,13.2,393,427,221,96,76,34,530,36,91,84
2025-06-16 00:51:22,2025-06-17 01:05:30,UTC+01:00,90,52,73,34.48,98.00,14.4,2995,164,76,2025-06-16 00:51:22,2025-06-16 08:17:24,86,12.9,419,437,223,98,98,18,476,9,95,79
2025-06-15 01:06:20,2025-06-16 00:51:22,UTC+01:00,93,53,72,34.55,98.68,7.1,2215,143,63,2025-06-15 01:06:20,2025-06-15 09:41:31,89,13.0,450,476,274,96,80,26,466,0,94,77
2025-06-13 23:04:35,2025-06-15 01:06:20,UTC+01:00,74,58,65,34.54,97.38,7.1,2344,131,69,2025-06-13 23:04:35,2025-06-14 09:31:49,83,13.5,543,625,306,83,154,82,538,69,86,68
2025-06-13 00:16:13,2025-06-13 23:04:35,UTC+01:00,61,58,61,34.30,96.88,8.3,2151,154,74,2025-06-13 00:16:13,2025-06-13 08:14:44,83,13.2,430,468,259,77,94,38,570,77,91,89
2025-06-12 01:00:37,2025-06-13 00:16:13,UTC+01:00,73,55,66,34.92,97.69,14.3,2762,159,73,2025-06-12 01:00:37,2025-06-12 08:27:39,88,13.1,412,446,205,84,123,34,533,69,92,94
2025-06-11 00:54:46,2025-06-12 01:00:37,UTC+01:00,43,63,54,34.13,97.75,5.5,2088,159,71,2025-06-11 00:54:46,2025-06-11 08:21:48,82,13.0,420,437,234,78,108,17,558,61,96,91
2025-06-10 00:51:33,2025-06-11 00:54:46,UTC+01:00,36,63,49,34.39,97.46,15.0,2961,167,78,2025-06-10 00:51:33,2025-06-10 08:08:34,82,13.4,403,432,199,85,119,29,526,28,93,85
2025-06-09 00:31:46,2025-06-10 00:51:33,UTC+01:00,78,55,67,34.35,97.03,15.0,3069,161,78,2025-06-09 00:31:46,2025-06-09 08:29:48,90,13.1,438,475,272,87,79,37,483,17,92,85
2025-06-08 01:02:00,2025-06-09 00:31:46,UTC+01:00,81,55,66,35.01,97.13,6.6,2126,137,68,2025-06-08 01:02:00,2025-06-08 09:33:50,92,13.0,488,507,261,106,121,19,516,47,96,84
2025-06-07 00:24:54,2025-06-08 01:02:00,UTC+01:00,79,53,65,34.73,95.53,8.6,2347,155,67,2025-06-07 00:24:54,2025-06-07 09:46:26,84,13.0,491,553,290,77,124,62,565,99,88,78
2025-06-06 00:52:14,2025-06-07 00:24:54,UTC+01:00,84,51,68,34.52,98.00,6.8,2027,141,70,2025-06-06 00:52:14,2025-06-06 08:01:45,85,13.5,384,428,191,112,81,44,539,75,90,90
2025-06-05 00:11:09,2025-06-06 00:52:14,UTC+01:00,68,55,63,34.25,96.50,5.6,2174,137,67,2025-06-05 00:11:09,2025-06-05 08:33:11,80,13.0,413,491,241,66,106,78,563,99,84,88
2025-06-04 00:49:42,2025-06-05 00:11:09,UTC+01:00,66,55,62,34.64,98.27,5.5,2049,130,69,2025-06-04 00:49:42,2025-06-04 08:25:13,87,12.8,434,455,195,126,113,21,589,99,95,92
2025-06-03 00:44:31,2025-06-04 00:49:42,UTC+01:00,47,60,56,34.34,98.58,13.9,2722,165,79,2025-06-03 00:44:31,2025-06-03 08:22:33,85,12.9,434,455,238,91,105,21,589,91,95,87
2025-06-02 00:54:11,2025-06-03 00:44:31,UTC+01:00,77,53,66,34.55,95.14,15.1,2920,168,75,2025-06-02 00:54:11,2025-06-02 08:35:12,85,12.6,440,460,241,97,102,20,582,113,95,84
2025-06-01 02:32:09,2025-06-02 00:54:11,UTC+01:00,51,58,61,34.91,97.14,8.6,2157,138,70,2025-06-01 02:32:09,2025-06-01 08:01:40,71,13.5,308,327,164,81,63,19,534,66,94,74
2025-05-31 00:22:18,2025-06-01 02:32:09,UTC+01:00,72,52,67,34.68,98.19,7.8,2405,138,70,2025-05-31 00:22:18,2025-05-31 08:51:08,87,12.7,465,496,270,102,93,31,569,104,93,85
2025-05-30 01:23:04,2025-05-31 00:22:18,UTC+01:00,72,56,69,34.49,97.14,6.2,2058,126,69,2025-05-30 01:23:04,2025-05-30 08:42:06,85,12.9,392,427,244,80,68,35,555,90,92,88
2025-05-29 01:34:22,2025-05-30 01:23:04,UTC+01:00,41,59,54,35.10,97.69,6.2,1714,143,75,2025-05-29 01:34:22,2025-05-29 08:24:24,81,12.8,363,395,145,99,119,32,543,78,92,82
2025-05-28 00:30:22,2025-05-29 01:34:22,UTC+01:00,46,59,57,34.49,97.97,6.7,2258,133,73,2025-05-28 00:30:22,2025-05-28 08:09:54,85,12.8,430,455,261,85,84,25,552,47,94,84
2025-05-27 01:05:15,2025-05-28 00:30:22,UTC+01:00,43,54,54,34.88,97.50,16.0,2926,159,80,2025-05-27 01:05:15,2025-05-27 08:11:16,82,13.1,373,424,186,92,95,51,469,0,88,75
2025-05-25 23:46:13,2025-05-27 01:05:15,UTC+01:00,98,53,80,34.77,97.36,8.6,2381,151,66,2025-05-25 23:46:13,2025-05-26 08:59:20,91,12.9,505,538,315,106,84,33,464,0,93,79
2025-05-25 00:04:06,2025-05-25 23:46:13,UTC+01:00,97,54,73,34.96,97.74,5.6,2078,153,62,2025-05-25 00:04:06,2025-05-25 10:03:13,86,13.2,563,596,354,111,98,33,518,48,94,69
2025-05-24 01:21:34,2025-05-25 00:04:06,UTC+01:00,85,57,71,34.84,97.06,9.2,2197,164,66,2025-05-24 01:21:34,2025-05-24 08:59:06,82,13.2,419,454,203,84,132,35,516,52,92,70
2025-05-22 23:00:46,2025-05-24 01:21:34,UTC+01:00,82,57,69,34.99,97.37,5.1,2199,133,68,2025-05-22 23:00:46,2025-05-23 07:59:18,86,13.1,507,521,314,75,118,14,588,102,97,81
2025-05-22 00:38:25,2025-05-22 23:00:46,UTC+01:00,67,60,61,35.05,96.96,13.1,2588,152,79,2025-05-22 00:38:25,2025-05-22 07:52:22,85,13.5,397,429,237,54,106,32,556,82,92,89
2025-05-20 23:43:49,2025-05-22 00:38:25,UTC+01:00,61,59,59,34.74,97.07,10.4,2424,130,76,2025-05-20 23:43:49,2025-05-21 07:42:20,79,12.7,406,477,275,40,91,71,571,70,85,87
2025-05-20 00:58:27,2025-05-20 23:43:49,UTC+01:00,57,58,57,34.57,95.77,15.5,2937,158,80,2025-05-20 00:58:27,2025-05-20 08:08:13,85,12.7,402,429,173,98,131,27,544,42,93,86
2025-05-18 23:56:50,2025-05-20 00:58:27,UTC+01:00,53,57,56,35.03,97.61,15.7,3047,166,82,2025-05-18 23:56:50,2025-05-19 08:02:58,85,13.2,449,480,248,103,98,31,533,21,93,
2025-05-17 23:50:47,2025-05-18 23:56:50,UTC+01:00,65,53,69,34.72,97.69,17.1,3713,162,78,2025-05-17 23:50:47,2025-05-18 08:09:39,89,13.2,459,493,266,97,96,34,502,0,93,
2025-05-17 00:00:00,2025-05-17 22:50:47,UTCZ,,,,,,7.0,941,158,72,,,,,,,,,,,,,,
